phase1_proxy,pca_proxy,reg_proxy,material_type,HEAT FLUX,TIME TO IGN,END OF TEST TIME
53.07315590292407,78.78987859312298,46.186482295561106,polymer,0.11764705882352941,0.10249433106575964,0.04310805651011836
53.155943841740985,78.88386129757838,46.165809580000875,polymer,0.11764705882352941,0.09977324263038549,0.043413516609392896
53.20240760360435,78.98388052895206,46.23415671330848,polymer,0.11764705882352941,0.0981859410430839,0.042268041237113405
65.75560630593449,86.1426344292979,64.58835573952466,polymer,0.4117647058823529,0.02290249433106576,0.020618556701030927
65.76298665886782,86.13812658728746,64.56501729967749,polymer,0.4117647058823529,0.022675736961451247,0.021000381825124093
65.7437337813582,86.1453864332372,64.57468284995652,polymer,0.4117647058823529,0.023356009070294784,0.020771286750668194
75.80962280033913,91.08741525025067,82.07893939076853,polymer,0.7058823529411765,0.011111111111111112,0.0145475372279496
75.79543970425149,91.00791848982287,82.02426521075716,polymer,0.7058823529411765,0.011564625850340135,0.015540282550591828
75.79036992288727,91.09255715292095,82.08643792189221,polymer,0.7058823529411765,0.011791383219954649,0.014356624665903017
54.53558131133131,77.4402536730637,45.29049192979855,composite,0.11764705882352941,0.07800453514739229,0.059297441771668576
54.44850540306386,75.8867090567613,44.01697988319921,composite,0.11764705882352941,0.08049886621315193,0.08235967926689576
54.46489695862036,78.27686192249897,46.27549154551021,composite,0.11764705882352941,0.08027210884353742,0.04207712867506682
65.8992818510935,85.76728410540787,65.09982611256862,composite,0.4117647058823529,0.026077097505668934,0.012600229095074456
65.9721478038783,85.76937069893609,65.05132277701252,composite,0.4117647058823529,0.023582766439909298,0.013554791905307369
65.97619129304799,85.85929829086595,65.0678160827782,composite,0.4117647058823529,0.023582766439909298,0.013058419243986255
76.57643138908641,89.79131664621197,82.4095185360582,composite,0.7058823529411765,0.013378684807256236,0.009278350515463918
76.59672402155799,89.82339844858764,82.42068729377218,composite,0.7058823529411765,0.012698412698412698,0.009087437953417335
76.56229262866923,89.6195266769487,82.37869718668763,composite,0.7058823529411765,0.013605442176870748,0.010194730813287515
52.49488974831075,71.89362867610316,42.327399402192974,generic,0.11764705882352941,0.07981859410430839,0.12623138602520045
52.257358701301094,70.86431149890362,41.66063880777292,generic,0.11764705882352941,0.08752834467120181,0.13829705994654448
51.806646213871886,70.00359806197822,41.336256671571014,generic,0.11764705882352941,0.10249433106575964,0.14410080183276058
53.047051744597916,70.47288815010589,41.688541934035776,generic,0.11764705882352941,0.08390022675736962,0.13642611683848796
65.46176993868164,78.51919165948652,61.15492738876075,generic,0.4117647058823529,0.013151927437641724,0.09530355097365406
65.49066941114626,78.67137631924865,61.12823674564386,generic,0.4117647058823529,0.012471655328798186,0.09534173348606338
65.37256076369147,76.8700394794555,60.29988467379115,generic,0.4117647058823529,0.01473922902494331,0.11248568155784651
75.70674608213733,83.01919534535374,79.13966043246889,generic,0.7058823529411765,0.0058956916099773245,0.08117602138220695
75.74875799457797,83.78459675906635,79.49550162975515,generic,0.7058823529411765,0.005215419501133787,0.07380679648720886
75.67578453801549,82.4588337828611,79.1445662681748,generic,0.7058823529411765,0.0058956916099773245,0.08266513936617029
51.35525544637679,70.94875859955486,43.81744524162441,generic,0.11764705882352941,0.09931972789115646,0.1066819396716304
52.59256244256728,69.21917314284835,44.0218496780954,generic,0.11764705882352941,0.10793650793650794,0.10118365788468882
52.643389382165886,69.17303178320094,44.097386087329554,generic,0.11764705882352941,0.10589569160997732,0.10038182512409316
55.299448835650445,66.85565143314446,44.177694885848595,generic,0.11764705882352941,0.0927437641723356,0.09705994654448263
52.50022386481299,70.26689071214811,44.305590241331956,generic,0.11764705882352941,0.09795918367346938,0.09667812142038947
54.45976926657256,67.77606799683785,44.25469030955433,generic,0.11764705882352941,0.09478458049886622,0.0965253913707522
65.38507341415004,77.45061653023542,63.6494826667546,generic,0.4117647058823529,0.023809523809523808,0.058419243986254296
65.36607845779614,77.75794409409758,63.72312655450715,generic,0.4117647058823529,0.024943310657596373,0.056357388316151204
65.035478686858,78.3282574011374,63.637689377119905,generic,0.4117647058823529,0.02471655328798186,0.05757922871324933
65.88689903643312,77.36269772037154,63.81842394774101,generic,0.4117647058823529,0.021541950113378686,0.05452462772050401
75.72190533076312,82.58778800645813,81.72974881312436,generic,0.7058823529411765,0.010657596371882086,0.04207712867506682
75.71086840343474,82.86775257642329,81.74588059845011,generic,0.7058823529411765,0.011564625850340135,0.04096983581519664
75.73153450957504,83.11908534305238,81.7361802275869,generic,0.7058823529411765,0.011337868480725623,0.04043528064146621
76.23352824390625,82.02292450966553,81.62475298838373,generic,0.7058823529411765,0.013378684807256236,0.04245895379915998
56.28952738098923,82.91602687091715,46.4004556388181,generic,0.11764705882352941,0.008843537414965987,0.03585337915234822
56.198034520743015,83.12677120927113,47.252830973425475,generic,0.11764705882352941,0.010884353741496598,0.02237495227185949
56.283608572939535,83.42026157241031,47.265141418968646,generic,0.11764705882352941,0.008390022675736962,0.021611302023673156
67.46717153078036,84.31890469998545,62.57401442626108,generic,0.4117647058823529,0.0020408163265306124,0.05315005727376861
67.49080104908145,84.03628521514625,62.319981399828286,generic,0.4117647058823529,0.0011337868480725624,0.05780832378770523
67.48163000205999,83.96233053477955,62.29648306098167,generic,0.4117647058823529,0.0013605442176870747,0.05834287896143566
77.76825175435884,88.22781167618226,80.35747074405846,generic,0.7058823529411765,0.0015873015873015873,0.04192439862542955
77.7579254215817,87.8839946431797,80.07943370923033,generic,0.7058823529411765,0.0018140589569160999,0.04700267277586865
77.77135757865872,87.46265870209221,79.63569527871041,generic,0.7058823529411765,0.0013605442176870747,0.05483008781977854
50.63377646806555,49.17551899658505,29.62347399624897,generic,0.11764705882352941,0.15419501133786848,0.36846124474990455
51.091865338994054,50.585715915378586,30.014969286348087,generic,0.11764705882352941,0.13990929705215419,0.3600610920198549
49.843977575237425,49.349284939965266,28.867572484764736,generic,0.11764705882352941,0.15578231292517006,0.38232149675448646
64.09710561049248,64.31119631783272,53.23525096144557,generic,0.4117647058823529,0.023809523809523808,0.2547537227949599
64.12287239313922,64.77953962937855,53.70966477067039,generic,0.4117647058823529,0.02290249433106576,0.24646811760213821
64.08897434067214,64.48837804604528,53.449288765215115,generic,0.4117647058823529,0.024036281179138322,0.2510500190912562
74.79011338580158,72.07073071583338,74.30905016073457,generic,0.7058823529411765,0.010657596371882086,0.1849942726231386
74.77897835959212,71.97705996439564,74.3020590559874,generic,0.7058823529411765,0.010884353741496598,0.18533791523482246
74.81293423273625,71.92600681199806,74.21121099426317,generic,0.7058823529411765,0.009750566893424037,0.18694158075601375
56.23029689656105,84.3244499485754,47.35862880253478,generic,0.11764705882352941,0.027664399092970523,0.014051164566628483
56.175759599826755,84.19282686960005,47.289617849682564,generic,0.11764705882352941,0.02947845804988662,0.015273004963726614
56.244075629400456,84.36381994935563,47.37979851422827,generic,0.11764705882352941,0.027210884353741496,0.013669339442535318
67.15712536748009,88.74412565954256,64.81718345778341,generic,0.4117647058823529,0.006575963718820862,0.008209240168003054
67.13648614816118,88.72999312686292,64.8308528812752,generic,0.4117647058823529,0.0072562358276643995,0.007980145093547155
67.17021093215865,88.76856362500533,64.83602106018195,generic,0.4117647058823529,0.006122448979591836,0.007903780068728522
77.54596123227869,92.33654385846306,82.06720554504757,generic,0.7058823529411765,0.003401360544217687,0.006071019473081329
77.56642716093508,92.38612537073276,82.09304294154077,generic,0.7058823529411765,0.0027210884353741495,0.00561282932416953
77.53264461154653,92.39537622168008,82.13788303073893,generic,0.7058823529411765,0.003854875283446712,0.004810996563573883
55.29448021970643,85.96725818522661,47.17866048754529,generic,0.11764705882352941,0.018140589569160998,0.01836578846888125
54.742304531275074,85.17063722222268,47.028138687164,generic,0.11764705882352941,0.03650793650793651,0.021076746849942728
54.93624656529933,85.52183148814171,47.10047575739295,generic,0.11764705882352941,0.03015873015873016,0.0196258113783887
58.854969904410005,88.58963419655117,53.82166254806185,generic,0.23529411764705882,0.00816326530612245,0.022604047346315388
58.58921511059,88.68233542656682,54.115362245683016,generic,0.23529411764705882,0.017233560090702947,0.017105765559373806
58.913883833681304,88.68522520057029,53.891179194302445,generic,0.23529411764705882,0.006122448979591836,0.021496754486445207
59.02343397723221,89.3071760150645,54.268223111635194,generic,0.23529411764705882,0.0027210884353741495,0.014471172203130966
59.02844601253321,89.16657973492882,54.149874682347225,generic,0.23529411764705882,0.002494331065759637,0.01664757541046201
59.013872021487025,89.428181792917,54.332390843055876,generic,0.23529411764705882,0.0031746031746031746,0.013134784268804888
74.91431255164726,95.35662656418069,81.61032937781606,generic,0.7058823529411765,0.0011337868480725624,0.016418480336006108
74.92625627679973,95.56443751647504,81.71900180259198,generic,0.7058823529411765,0.0009070294784580499,0.014242077128675068
74.93821343717195,96.08358137889897,82.02685750529344,generic,0.7058823529411765,0.0009070294784580499,0.008209240168003054
39.69540642741905,87.48113132160995,44.95286721238508,generic,0.11764705882352941,0.06394557823129252,0.034516991218022146
39.91810553479464,88.1458190132733,45.40444478503491,generic,0.11764705882352941,0.05646258503401361,0.02665139366170294
39.72768710965753,87.88288399734336,45.35660353606866,generic,0.11764705882352941,0.06281179138321996,0.027491408934707903
51.49880393188451,92.76574842235577,62.290737846975674,generic,0.4117647058823529,0.013605442176870748,0.030851470026727758
51.536398908866886,92.98687989941844,62.41041568027177,generic,0.4117647058823529,0.012471655328798186,0.028560519282168767
51.454304143721544,92.42705598853097,61.94150717881809,generic,0.4117647058823529,0.015192743764172336,0.03684612447499046
76.56190736879668,91.43969703185242,80.96932391198374,generic,0.7058823529411765,0.0058956916099773245,0.028445971744940818
61.569521685356776,97.75066381506855,80.09797374069956,generic,0.7058823529411765,0.005668934240362812,0.019014891179839632
61.43803722940827,95.4508673534366,80.3196633281257,generic,0.7058823529411765,0.005442176870748299,0.022145857197403588
42.72023200605394,90.62531629463767,46.45401823309078,generic,0.11764705882352941,0.007936507936507936,0.0032073310423825887
42.66569470931964,90.54452387576285,46.43701573596299,generic,0.11764705882352941,0.009750566893424037,0.003512791141657121
42.69307888571648,90.58882072057831,46.447350348726715,generic,0.11764705882352941,0.008843537414965987,0.0033218785796105383
53.17767272325149,94.2534000285057,63.650363586741605,generic,0.4117647058823529,0.002494331065759637,0.00198549064528446
53.17092776686096,94.2274716153186,63.63069358647785,generic,0.4117647058823529,0.0027210884353741495,0.0023291332569683083
53.16406728107462,94.2632988149696,63.67636781460381,generic,0.4117647058823529,0.0029478458049886623,0.0015273004963726614
63.49231406228982,97.70462580166486,80.83137297810572,generic,0.7058823529411765,0.0018140589569160999,0.0010309278350515464
63.48545357718509,97.68326851922069,80.81853769157313,generic,0.7058823529411765,0.0020408163265306124,0.0012600229095074457
63.49905901936197,97.70937478366129,80.82937278651572,generic,0.7058823529411765,0.0015873015873015873,0.0010691103474608629
51.20636919097695,74.6146951372207,44.80301685514286,generic,0.11764705882352941,0.09795918367346938,0.08327605956471935
36.149639791326074,77.29191795697845,40.34342375445436,generic,0.11764705882352941,0.09977324263038549,0.13722794959908363
34.88735082177826,73.70315210387633,37.972515595477056,generic,0.11764705882352941,0.14217687074829932,0.1785032455135548
39.5675494609112,73.53384434557645,43.941002986190576,generic,0.23529411764705882,0.13968253968253969,0.19396716303932798
35.533716677230856,72.6779364855987,37.578059242794986,generic,0.11764705882352941,0.13673469387755102,0.18560519282168766
48.470968322738635,83.61460379850986,58.12286404341494,generic,0.4117647058823529,0.03219954648526077,0.12573501336387935
48.493109381596405,84.08820743266638,58.551263091065685,generic,0.4117647058823529,0.03151927437641723,0.11809851088201603
48.46576954781327,81.9459243563561,56.51261430676388,generic,0.4117647058823529,0.03219954648526077,0.15437189767086673
50.44885039786239,83.8345742415515,59.753405422054364,generic,0.4117647058823529,0.018367346938775512,0.0953799159984727
59.342290948054064,90.0647453441367,77.62357080630069,generic,0.7058823529411765,0.013151927437641724,0.0836197021764032
59.348515993223614,90.18854831400803,77.75309330387464,generic,0.7058823529411765,0.01292517006802721,0.08136693394425352
59.39555740893999,90.33772215213587,77.86094548444079,generic,0.7058823529411765,0.011337868480725623,0.07949599083619702
61.07341317484053,87.43113084869573,76.77406236651268,generic,0.7058823529411765,0.0072562358276643995,0.09740358915616648
54.34367591890981,68.34616267166139,43.09107827235085,generic,0.11764705882352941,0.1165532879818594,0.1085528827796869
53.41612919039819,68.46296069111776,42.89715783685285,generic,0.11764705882352941,0.1292517006802721,0.11229476899579992
53.426904205590844,68.49622183143052,42.96817590170308,generic,0.11764705882352941,0.1287981859410431,0.11118747613592975
67.41204639420243,70.20354756640444,55.33293874924531,generic,0.4117647058823529,0.024263038548752835,0.19434898816342117
67.40639898093555,68.29475921261562,53.366282918268126,generic,0.4117647058823529,0.024489795918367346,0.22894234440626193
66.8963464312157,72.83587895374556,57.2868746309337,generic,0.4117647058823529,0.02312925170068027,0.16040473463153876
77.52131355493889,70.23945237105505,67.96349920816515,generic,0.7058823529411765,0.012018140589569161,0.27418862161130203
77.51354225188808,68.99236416385223,66.59442986867067,generic,0.7058823529411765,0.012471655328798186,0.2980145093547155
77.55177265372343,70.05141693261656,67.55957696538589,generic,0.7058823529411765,0.011337868480725623,0.2807941962581138
52.63229648945965,63.019013988535214,39.01690779844325,generic,0.11764705882352941,0.1072562358276644,0.19270714012982054
53.453635068907026,64.45750144870424,39.56166714055397,generic,0.11764705882352941,0.07981859410430839,0.18319969453990073
52.68671825816714,63.47925366700124,39.42430736828456,generic,0.11764705882352941,0.1054421768707483,0.18552882779686902
66.02111186528107,69.08431159923656,56.52394511149947,generic,0.4117647058823529,0.020634920634920634,0.18564337533409697
65.86067703027459,69.19382489774911,56.77364572949359,generic,0.4117647058823529,0.026077097505668934,0.1810996563573883
66.18530141729107,69.37372564118279,56.61229060818075,generic,0.4117647058823529,0.015192743764172336,0.18403970981290568
76.67240599289818,75.35129531496167,75.89677159182939,generic,0.7058823529411765,0.009297052154195011,0.14520809469263077
76.61079461102891,76.72057533280571,77.73378505323895,generic,0.7058823529411765,0.010657596371882086,0.11389843451699122
76.74420528765636,75.75458191024181,76.51691101888927,generic,0.7058823529411765,0.006349206349206349,0.1351279114165712
52.297930135229244,15.532521949451143,16.92020184894724,generic,0.11764705882352941,0.10226757369614513,0.6508591065292096
52.37551101229465,43.08940414869723,46.200919280846,generic,0.11764705882352941,0.11791383219954649,0.13405880106911033
52.48989579329425,42.033780913303595,44.41388651599879,generic,0.11764705882352941,0.11519274376417234,0.16387934326078657
52.74546534359853,43.81078973480366,47.41456993537522,generic,0.11764705882352941,0.10385487528344671,0.11531118747613593
52.75181131118144,44.705480519867386,47.258570708592174,generic,0.11764705882352941,0.1056689342403628,0.11496754486445208
65.00522979856392,27.508590473794555,38.45775441524582,generic,0.4117647058823529,0.013151927437641724,0.5710194730813287
64.75476890765034,28.805401716499507,39.81694140785109,generic,0.4117647058823529,0.02199546485260771,0.546315387552501
64.62522685708646,25.750104239258352,38.53811562972391,generic,0.4117647058823529,0.024036281179138322,0.573577701412753
76.22622715315256,32.74533487933938,57.72887044592981,generic,0.7058823529411765,0.003401360544217687,0.5321114929362352
76.23951299456527,33.59208327273336,58.3471065579645,generic,0.7058823529411765,0.003401360544217687,0.5205421916762123
76.05114161928927,27.449769964141392,53.555663063326215,generic,0.7058823529411765,0.0072562358276643995,0.6086674303169148
51.69940489222802,48.1847940415439,33.009388233261596,generic,0.11764705882352941,0.16961451247165532,0.3122565864833906
52.286231013865326,51.154551559165895,34.975909882632116,generic,0.11764705882352941,0.1489795918367347,0.2768613974799542
51.96201092911556,50.375157494787345,34.516329913850356,generic,0.11764705882352941,0.1598639455782313,0.28484154257350136
66.09204109195959,52.76587667510042,46.295645791927626,generic,0.4117647058823529,0.031746031746031744,0.3794578083237877
66.49042219222358,63.401160087846044,54.50152086013507,generic,0.4117647058823529,0.022675736961451247,0.22844597174494083
66.1707855416068,59.113174579335094,52.74870164121204,generic,0.4117647058823529,0.029024943310657598,0.26590301641848035
77.18469122285818,22.316650304601026,28.14914881611973,generic,0.7058823529411765,0.01292517006802721,1.0
77.22900427961659,67.52979255694908,74.5352138395043,generic,0.7058823529411765,0.011111111111111112,0.18319969453990073
77.13710302613403,67.24202321146716,74.40870139791207,generic,0.7058823529411765,0.014058956916099773,0.18560519282168766
60.343135982470876,85.31445462761826,53.735097661641696,generic,0.23529411764705882,0.017006802721088437,0.024398625429553265
59.90444182787393,85.58450122416848,53.7759049441667,generic,0.23529411764705882,0.018367346938775512,0.02458953799159985
58.939057520128266,86.79619339973111,54.12779617988124,generic,0.23529411764705882,0.018594104308390022,0.02004581901489118
57.452496977552606,77.54050663659841,45.03433390347762,composite,0.11764705882352941,0.03537414965986395,0.05998472699503627
57.54335844303215,77.49877547249764,44.8431305310753,composite,0.11764705882352941,0.032426303854875285,0.06323024054982818
56.75580218546911,78.17808789394323,44.71013994114922,composite,0.11764705882352941,0.03424036281179138,0.06632302405498282
56.76335584562593,78.07882889110782,44.586618101809115,composite,0.11764705882352941,0.034013605442176874,0.06846124474990455
67.90752480181267,83.0188718277618,62.33005322472652,composite,0.4117647058823529,0.005668934240362812,0.05761741122565865
67.92718203704251,83.26141512907236,62.56842703859402,composite,0.4117647058823529,0.004988662131519274,0.053455517373043146
67.9159449207409,82.6703579093993,61.9353186240866,composite,0.4117647058823529,0.005442176870748299,0.06449026345933563
78.29988427825955,88.11221808123769,81.04997279062027,composite,0.7058823529411765,0.002494331065759637,0.02940053455517373
78.30686029553856,88.21795794150648,81.1469881509465,composite,0.7058823529411765,0.0022675736961451248,0.027682321496754488
78.29215733300285,88.17491604769076,81.1393227882703,composite,0.7058823529411765,0.0027210884353741495,0.02787323405880107
54.638316497564745,79.80852854322718,47.063751641530445,composite,0.11764705882352941,0.07256235827664399,0.027147766323024056
54.65031798260337,79.93674889892367,47.089910529272345,composite,0.11764705882352941,0.07233560090702948,0.02642229858724704
54.61525119241507,79.74636981743882,47.073592712576,composite,0.11764705882352941,0.07324263038548753,0.027109583810614738
67.7306352740523,83.20325521479546,64.65012366514293,composite,0.4117647058823529,0.026984126984126985,0.018327605956471937
66.21212752122084,84.27791556536545,64.04375833707863,composite,0.4117647058823529,0.02947845804988662,0.03039327987781596
66.25343285232942,85.28889729998866,64.78317921036609,composite,0.4117647058823529,0.02857142857142857,0.01664757541046201
66.27556049249372,84.70988781923074,64.25393828638076,composite,0.4117647058823529,0.027664399092970523,0.02623138602520046
76.91794548597606,89.29986315584836,82.19640201151209,composite,0.7058823529411765,0.016099773242630386,0.011798396334478808
76.94557415777639,89.48538693483985,82.22755702365404,composite,0.7058823529411765,0.015419501133786848,0.010882016036655211
76.90670836973221,89.34630713249383,82.21556631238167,composite,0.7058823529411765,0.01655328798185941,0.01134020618556701
85.07373030033293,93.15783138325192,99.89199503548542,generic,1.0,0.02108843537414966,0.009621993127147767
62.796904879453066,83.98551523257635,65.27161961487032,generic,0.4117647058823529,0.07709750566893424,0.016494845360824743
74.10796485451827,88.92011711237345,82.87037186023632,generic,0.7058823529411765,0.04308390022675737,0.00836197021764032
55.42754412939106,87.7514024902647,47.91572125400607,generic,0.11764705882352941,0.0036281179138321997,0.005154639175257732
55.53661872285387,86.1063809501864,46.1012590510728,generic,0.11764705882352941,0.0,0.03711340206185567
55.53644542944176,86.68190565091626,46.69335572107079,generic,0.11764705882352941,0.0,0.026689576174112255
55.53644542944176,86.4425779596097,46.4484825753683,generic,0.11764705882352941,0.0,0.031004200076365025
65.74230099576303,91.22982627394059,65.12240122045397,generic,0.4117647058823529,0.0029478458049886623,0.00374188621611302
65.70125361318458,91.18818303762885,65.13173660595206,generic,0.4117647058823529,0.004308390022675737,0.0035891561664757542
65.60613104596752,91.08558581193962,65.13573698916542,generic,0.4117647058823529,0.007482993197278911,0.003512791141657121
76.07706167594034,94.74222898621329,82.34758513448672,generic,0.7058823529411765,0.0015873015873015873,0.002023673157693776
76.07700391330462,94.70956849932779,82.31524667307028,generic,0.7058823529411765,0.0015873015873015873,0.0025964108438335243
76.07711944132565,94.70499735788871,82.30841196134106,generic,0.7058823529411765,0.0015873015873015873,0.002710958381061474
57.61073968569208,69.99497933201835,32.509247178047765,composite,0.11764705882352941,0.0,0.27541046200840014
57.61183720331866,80.24370320863068,42.97494618720098,composite,0.11764705882352941,0.0,0.09095074455899198
57.60467445741936,80.13317622944191,42.995632807372104,composite,0.11764705882352941,0.0,0.09095074455899198
57.929326786117876,69.45801979177256,32.36550144084569,composite,0.11764705882352941,0.0,0.27766323024054984
68.36768206936279,82.3037242643826,59.52857186014054,composite,0.4117647058823529,0.0,0.10110729285987018
68.1324767662519,83.29616605972316,60.09300861779698,composite,0.4117647058823529,0.0,0.0909889270714013
78.42994472883197,76.55495177741544,66.80880904977475,composite,0.7058823529411765,0.0,0.27426498663612064
78.42122235595419,86.54413162556332,77.19235077059932,composite,0.7058823529411765,0.0,0.09175257731958762
78.430868955796,86.73322742507511,77.20566392948709,composite,0.7058823529411765,0.0,0.09102710958381062
57.6297440639368,70.11456088146333,32.27666535811421,composite,0.11764705882352941,0.0,0.2785414280259641
57.61501422542202,80.29272723668322,42.96577067679596,composite,0.11764705882352941,0.0,0.09095074455899198
58.08673463107915,79.6971047663253,42.93979465308834,composite,0.11764705882352941,0.0,0.09095074455899198
68.38616657286454,71.96534718585846,48.60541979339372,composite,0.4117647058823529,0.0,0.2926307751050019
68.38570445800197,83.1409616008023,60.04861467984587,composite,0.4117647058823529,0.0,0.09102710958381062
68.37542245539036,82.99077373708434,60.08697805500707,composite,0.4117647058823529,0.0,0.09087437953417335
78.67918670229679,76.34248034073453,66.78026024365144,composite,0.7058823529411765,0.0,0.27422680412371137
78.66826929140474,86.3401478552643,77.2134818009716,composite,0.7058823529411765,0.0,0.09095074455899198
78.67924446493252,86.51162162932951,77.18395158411323,composite,0.7058823529411765,0.0,0.09091256204658267
43.086444573546835,89.5072246772841,46.66449378770795,composite,0.11764705882352941,0.007709750566893424,0.0014509354715540282
58.12559628098484,83.85774839296604,48.053914416165064,composite,0.11764705882352941,0.006575963718820862,0.0014509354715540282
58.12617392387423,83.83912861707529,48.02407488745493,composite,0.11764705882352941,0.006575963718820862,0.0019473081328751432
68.5451666390763,87.42332078206158,65.17890801433406,composite,0.4117647058823529,0.002494331065759637,0.0013363879343260786
68.5563325519713,87.33574934006617,65.23810570534583,composite,0.4117647058823529,0.0018140589569160999,0.0007636502481863307
68.57503467079044,87.52077113836386,65.19723817432397,composite,0.4117647058823529,0.0015873015873015873,0.0008781977854142802
78.86849003637396,90.64698590125137,82.32227176898596,composite,0.7058823529411765,0.0011337868480725624,0.001641848033600611
78.87734137800899,90.94643878415465,82.34423909130928,composite,0.7058823529411765,0.0013605442176870747,0.0004581901489117984
78.8623227180553,90.51771987100103,82.1860814943848,composite,0.7058823529411765,0.0013605442176870747,0.004009163802978236
57.70146381402025,67.31899216259778,39.075698064769476,generic,0.11764705882352941,0.0,0.1826651393661703
57.74536449713313,73.08795309919695,44.158422801542265,generic,0.11764705882352941,0.0,0.09087437953417335
57.73213652018265,72.88595262933093,44.19879334452199,generic,0.11764705882352941,0.0,0.09083619702176403
66.81624972406365,79.56375027718981,65.98453383863564,generic,0.4117647058823529,0.040589569160997735,0.00836197021764032
66.81051363945582,79.76264164820776,65.93782558795091,generic,0.4117647058823529,0.04126984126984127,0.008438335242458954
67.14851240746611,80.19805705339922,66.02634497469258,generic,0.4117647058823529,0.029931972789115645,0.006987399770904926
77.84111583608792,84.23647797835623,83.30036065579061,generic,0.7058823529411765,0.016780045351473923,0.004200076365024819
77.87199673576934,84.10430058379764,83.30305078681766,generic,0.7058823529411765,0.015419501133786848,0.004658266513936617
78.23161675129626,84.44827919557952,83.25154448665273,generic,0.7058823529411765,0.003401360544217687,0.00561282932416953
52.617086487402844,73.6316789859083,45.37986062056993,generic,0.11764705882352941,0.1727891156462585,0.05563192058037419
52.5836505248385,73.98091313167745,45.766088737688534,generic,0.11764705882352941,0.17392290249433107,0.04879725085910653
50.774718474920924,76.07920898925019,44.51972824780422,generic,0.11764705882352941,0.15941043083900228,0.07266132111492936
51.46859602594132,77.6224228928072,45.28901998872797,generic,0.11764705882352941,0.136281179138322,0.05910652920962199
50.196487182403914,75.16772053049878,44.26185298817062,generic,0.11764705882352941,0.17868480725623584,0.07720504009163803
50.358597213803634,75.05440565275431,43.9769759944858,generic,0.11764705882352941,0.17324263038548754,0.08228331424207713
66.61130676369267,82.93625566171485,64.26831589448905,generic,0.4117647058823529,0.04943310657596372,0.024627720504009163
66.65950345418955,82.71990843186636,63.98060110617869,generic,0.4117647058823529,0.04784580498866213,0.029667812142038945
64.33356460155089,84.95291253959016,63.47536111036738,generic,0.4117647058823529,0.05056689342403628,0.040473463153875525
64.23849980250336,85.43152342642875,64.07295785704117,generic,0.4117647058823529,0.05374149659863946,0.02993508972890416
77.59249924068347,87.40439855767957,81.71403525921791,generic,0.7058823529411765,0.026530612244897958,0.019014891179839632
77.57889379850658,87.37405640489725,81.69886612629828,generic,0.7058823529411765,0.026984126984126985,0.019282168766704848
77.6134850468266,87.43870481538204,81.71453399638038,generic,0.7058823529411765,0.02585034013605442,0.018976708667430318
51.85243661030773,78.59917031478028,45.78992807359663,polymer,0.11764705882352941,0.1235827664399093,0.050133638793432606
51.71464925990551,78.79849433521436,46.18499633700793,polymer,0.11764705882352941,0.12811791383219956,0.04326078655975563
51.44254041636809,78.28272287891456,45.97479549512172,polymer,0.11764705882352941,0.13718820861678005,0.046964490263459335
64.85345960768598,86.54653722667298,64.44867933473289,polymer,0.4117647058823529,0.03333333333333333,0.023176785032455134
64.83189615866502,86.44613297820538,64.39133936670648,polymer,0.4117647058823529,0.034013605442176874,0.024245895379915998
64.91526174035975,86.65069050101388,64.47301528076905,polymer,0.4117647058823529,0.031292517006802724,0.022718594883543337
75.74621671052712,90.96041736108525,81.94207311720913,polymer,0.7058823529411765,0.013378684807256236,0.01672394043528064
75.69859766290807,90.89763768184962,81.93340504125506,polymer,0.7058823529411765,0.014965986394557823,0.016876670484917908
75.71047018742661,90.8609985702853,81.91240562717375,polymer,0.7058823529411765,0.014512471655328799,0.017334860633829705
42.73897047209157,90.06493410243314,46.344042438370295,generic,0.11764705882352941,0.012698412698412698,0.005231004200076365
42.70501463066569,90.0333879216057,46.35037666793733,generic,0.11764705882352941,0.013832199546485261,0.005116456662848415
42.74611977726044,90.09921988942271,46.36471166391442,generic,0.11764705882352941,0.012471655328798186,0.0048491790759832
53.28484656343879,93.87012135976316,63.61840047560774,generic,0.4117647058823529,0.004308390022675737,0.002634593356242841
53.27112559323511,93.79987352074282,63.56455865567514,generic,0.4117647058823529,0.004761904761904762,0.0035891561664757542
53.28496209145983,93.85707844164067,63.60289768792446,generic,0.4117647058823529,0.004308390022675737,0.0029018709431080565
63.63332821518881,97.34263883529667,80.78474121821635,generic,0.7058823529411765,0.002494331065759637,0.0019473081328751432
63.62692984219132,97.3326482058447,80.7749053505394,generic,0.7058823529411765,0.0027210884353741495,0.0021000381825124095
63.640361992330874,97.34760865690254,80.7775728516901,generic,0.7058823529411765,0.0022675736961451248,0.002061855670103093
85.42324300420383,94.9866120631385,100.0,generic,1.0,0.012018140589569161,0.003780068728522337
63.52456639668714,86.35332950421456,65.30075342788868,generic,0.4117647058823529,0.055782312925170066,0.011492936235204277
74.45648211703181,90.33557601988115,82.69318188565397,generic,0.7058823529411765,0.03378684807256236,0.00794196258113784
55.298194716008034,71.40134376985466,40.79710468121614,generic,0.11764705882352941,0.05396825396825397,0.14463535700649102
55.4473212617133,73.75184474408005,43.1565052761805,generic,0.11764705882352941,0.048752834467120185,0.10343642611683848
55.519160900237694,77.80857097314724,47.15664680821751,generic,0.11764705882352941,0.046485260770975055,0.03276059564719359
55.40299476419553,71.5859225618549,40.93446972380206,generic,0.11764705882352941,0.050340136054421766,0.14242077128675068
66.92509893740055,76.89290418970843,58.78427819455992,generic,0.4117647058823529,0.009070294784580499,0.13020236731576937
66.94654685568558,78.38725091380235,60.27001733862401,generic,0.4117647058823529,0.008390022675736962,0.10397098129056892
66.94309446112824,78.58368287825641,60.416366677445566,generic,0.4117647058823529,0.008616780045351474,0.10122184039709813
77.36322901312995,83.06677148564619,78.58871169295408,generic,0.7058823529411765,0.004308390022675737,0.08297059946544483
77.39614510918848,83.50162649790937,79.01445009628418,generic,0.7058823529411765,0.0031746031746031746,0.0755250095456281
77.40002873195175,83.171640020532,78.48517265778086,generic,0.7058823529411765,0.003401360544217687,0.08430698739977091
41.59308803841811,87.91615868057703,41.52433653045347,generic,0.11764705882352941,0.0,0.09091256204658267
41.59320356678861,87.91370548870145,41.51966883670346,generic,0.11764705882352941,0.0,0.0909889270714013
56.593139582603925,82.14733593888604,42.926270643051325,generic,0.11764705882352941,0.0,0.09095074455899198
51.38191418014218,91.96611471251754,58.65759712105718,generic,0.4117647058823529,0.0,0.09114165712103857
50.45616647163838,95.59755851433152,63.46354649349179,generic,0.4117647058823529,0.030839002267573697,0.006491027109583811
51.381336539665604,91.96567302810213,58.667933471902266,generic,0.4117647058823529,0.0,0.0909889270714013
61.342120853391094,99.33652796313146,80.27432929458499,generic,0.7058823529411765,0.011111111111111112,0.012065673921344024
61.40392298366359,99.3326660477055,80.18814727914177,generic,0.7058823529411765,0.009070294784580499,0.013554791905307369
61.478175275159806,100.0,80.79441385182922,generic,0.7058823529411765,0.006575963718820862,0.0029018709431080565
54.58146892482242,76.03735400634598,45.458027964036255,generic,0.11764705882352941,0.10748299319727891,0.05399007254677358
54.74415658806703,76.51538710349138,45.76741294223181,generic,0.11764705882352941,0.10204081632653061,0.04856815578465063
54.989632190128546,76.8311316604188,45.79391590725648,generic,0.11764705882352941,0.09387755102040816,0.04807178312332951
66.99745790859524,83.33233515322179,64.13194835809213,generic,0.4117647058823529,0.036734693877551024,0.02676594119893089
67.01844371473838,83.40476440599961,64.17145343704793,generic,0.4117647058823529,0.03605442176870748,0.026040473463153874
67.0110633507721,83.4092720777629,64.19479190875914,generic,0.4117647058823529,0.036281179138321996,0.02565864833906071
77.64589469513055,87.634676814046,81.78620028288117,generic,0.7058823529411765,0.024943310657596373,0.017449408171057657
77.6595001373074,87.6798445760243,81.81653854872042,generic,0.7058823529411765,0.024489795918367346,0.016914852997327225
77.78875183798768,87.69170331315989,81.67784933345528,generic,0.7058823529411765,0.02018140589569161,0.019358533791523483
56.20000250240608,82.00794387515788,46.54777480932547,generic,0.11764705882352941,0.009977324263038548,0.03608247422680412
56.59627581854193,82.72105903323893,47.01296005783441,generic,0.11764705882352941,0.011564625850340135,0.025276823214967544
56.36309052844555,82.6332991534504,47.109297678273286,generic,0.11764705882352941,0.019501133786848073,0.0233295150820924
56.66857756915044,82.92178585896154,47.05912433576061,generic,0.11764705882352941,0.009297052154195011,0.024245895379915998
67.13606923428077,87.24927552402933,64.7833655758435,generic,0.4117647058823529,0.003854875283446712,0.01321114929362352
67.05435194539474,86.85666453364206,64.71671975658795,generic,0.4117647058823529,0.006122448979591836,0.015082092401680031
67.16146255411843,86.97523582869378,64.74339479211808,generic,0.4117647058823529,0.002494331065759637,0.014700267277586864
67.20450080288533,87.37757463716106,64.82770515506935,generic,0.4117647058823529,0.0015873015873015873,0.012409316533027874
77.40193625299905,90.79356624510304,82.13673897426106,generic,0.7058823529411765,0.004761904761904762,0.009278350515463918
77.50370168310064,91.00502206587959,82.12005449426455,generic,0.7058823529411765,0.0015873015873015873,0.009240168003054602
77.51475206245237,90.86483718749746,82.12757740026429,generic,0.7058823529411765,0.0009070294784580499,0.00958381061473845
77.50685183203805,90.74271802471706,82.0310642271948,generic,0.7058823529411765,0.0011337868480725624,0.01134020618556701
53.42692936467947,73.7174379624057,47.686705694959365,generic,0.11764705882352941,0.13673469387755102,0.024818633066055747
53.46641714230489,73.75407672677781,47.70137775228576,generic,0.11764705882352941,0.13537414965986394,0.024627720504009163
53.43419420888497,73.74927072210681,47.70270719594879,generic,0.11764705882352941,0.1365079365079365,0.024513172966781214
66.9754626322749,81.87032612878392,65.85920351809443,generic,0.4117647058823529,0.02834467120181406,0.006261932035127911
67.02953780865901,81.9397517674714,65.87320662017288,generic,0.4117647058823529,0.026530612244897958,0.006032836960672012
67.03229706258588,81.88723400532969,65.88705151668516,generic,0.4117647058823529,0.026303854875283448,0.0059946544482626955
77.63801128673356,85.72602748663788,83.15024433807474,generic,0.7058823529411765,0.015873015873015872,0.003665521191294387
77.68586139594002,85.7902546894189,83.15607806949751,generic,0.7058823529411765,0.014285714285714285,0.0035509736540664375
77.72524706152295,85.92041307051245,83.14923117825458,generic,0.7058823529411765,0.013151927437641724,0.0033982436044291717
55.67261706595262,79.08360413920695,46.244390288482116,generic,0.11764705882352941,0.07324263038548753,0.037037037037037035
55.8727264155344,79.4263980216644,46.31206140703294,generic,0.11764705882352941,0.06666666666666667,0.03570064910271096
55.67797568533406,79.22368867477022,46.406753363360394,generic,0.11764705882352941,0.07301587301587302,0.03424971363115693
68.28609149967212,85.05821050518233,64.3928825163281,generic,0.4117647058823529,0.011337868480725623,0.018480336006109203
67.77641836693356,85.09716568627712,64.07768807487945,generic,0.4117647058823529,0.012698412698412698,0.024933180603283697
67.80559323047528,85.32158626653093,64.23887639783845,generic,0.4117647058823529,0.011791383219954649,0.021993127147766325
67.7246537510856,85.16293724687229,64.1588617696544,generic,0.4117647058823529,0.014512471655328799,0.02336769759450172
78.27965656619735,88.88869106113569,81.1814910765784,generic,0.7058823529411765,0.006122448979591836,0.024742268041237112
78.25542253453266,88.82565368991592,81.33137339256949,generic,0.7058823529411765,0.006575963718820862,0.022642229858724706
78.25215685485931,89.03110844966947,81.36435482854235,generic,0.7058823529411765,0.007029478458049887,0.021534936998854524
51.22858952523853,58.985932997532494,37.673673313424665,generic,0.11764705882352941,0.12403628117913833,0.22554410080183276
50.903214176452394,58.769028974810155,37.81119304842166,generic,0.11764705882352941,0.1349206349206349,0.2230622374952272
51.24129760235334,59.74752002901341,38.21556537437028,generic,0.11764705882352941,0.12403628117913833,0.21534936998854526
64.39263329294711,69.32495301636266,58.71266133110605,generic,0.4117647058823529,0.028117913832199547,0.1570064910271096
64.38660841445383,69.48126506840143,58.62778079996427,generic,0.4117647058823529,0.028798185941043084,0.15777014127529593
64.40807374287448,69.04283401499322,58.49297045954053,generic,0.4117647058823529,0.02743764172335601,0.16113020236731576
75.08481897854291,70.11668544549877,72.791674148536,generic,0.7058823529411765,0.01473922902494331,0.2108820160366552
75.16740267109341,72.67873291313026,75.06184305053237,generic,0.7058823529411765,0.012471655328798186,0.17014127529591447
75.13024296326292,73.8371702135065,76.58379585007087,generic,0.7058823529411765,0.013151927437641724,0.14417716685757923
40.048713705065374,60.71846881227572,36.22998489574631,generic,0.0,0.44308390022675737,0.09770904925544101
41.627998193303675,63.11262609187529,36.69920964934562,generic,0.0,0.390702947845805,0.08904161893852615
42.51516892108293,64.30254837871895,36.95125989863452,generic,0.0,0.36099773242630384,0.08480336006109201
53.64319765830554,75.21538094126264,46.019367255785,generic,0.11764705882352941,0.13514739229024944,0.04562810232913326
53.620132331147765,74.88424296617276,45.75399697885011,generic,0.11764705882352941,0.13582766439909297,0.05043909889270714
53.52996403933976,74.94090625062543,45.947532444632046,generic,0.11764705882352941,0.13877551020408163,0.0471172203130966
64.25382478583313,86.58864980629521,64.66272555357928,generic,0.4117647058823529,0.041043083900226755,0.020656739213440245
64.41693022549141,85.7534381146101,63.501521416738136,generic,0.4117647058823529,0.03582766439909297,0.04077892325315006
64.34025184512434,86.207183104607,64.08762098204632,generic,0.4117647058823529,0.038321995464852605,0.030546009927453228
64.30329228190423,85.73534944428829,63.69956468410222,generic,0.4117647058823529,0.03945578231292517,0.03753340969835815
64.37800668308331,85.90997929950181,63.79308016337986,generic,0.4117647058823529,0.03696145124716553,0.03589156166475754
64.22989301087912,85.50286137910324,63.64140100568962,generic,0.4117647058823529,0.041723356009070296,0.038831615120274915
77.7426767670097,87.39591911899109,81.7182682496289,generic,0.7058823529411765,0.018140589569160998,0.020122184039709813
77.7426767670097,87.48063688582525,81.80494900916962,generic,0.7058823529411765,0.018140589569160998,0.018594883543337153
77.68266533939924,87.30457226708668,81.67359146194524,generic,0.7058823529411765,0.02018140589569161,0.020847651775486826
55.691453448296514,85.08722690395439,47.317383940583476,polymer,0.11764705882352941,0.009750566893424037,0.018671248568155784
55.76518585985273,85.18528348180482,47.35089193885595,polymer,0.11764705882352941,0.0072562358276643995,0.018136693394425352
55.72051278104454,85.1743163234154,47.34021671104875,polymer,0.11764705882352941,0.008843537414965987,0.01817487590683467
68.5697531568656,85.70142058699996,64.51770939275795,polymer,0.4117647058823529,0.0022675736961451248,0.015693012600229095
66.21582385734241,89.15083386503211,64.90046138364795,polymer,0.4117647058823529,0.0020408163265306124,0.010691103474608629
66.21853876462363,89.22449624910367,64.92512578503299,polymer,0.4117647058823529,0.0020408163265306124,0.010118365788468881
76.53254469740901,92.77393234109239,82.21848825218429,polymer,0.7058823529411765,0.0013605442176870747,0.007216494845360825
76.53398879911602,92.777154504257,82.19481439257113,polymer,0.7058823529411765,0.0013605442176870747,0.007560137457044674
76.5453548869129,92.91039577431552,82.23797749458033,polymer,0.7058823529411765,0.0011337868480725624,0.006567392134402444
56.273748547506145,70.01778558342423,32.93623636458451,generic,0.11764705882352941,0.0,0.2743413516609393
56.26958952754274,80.12397644030051,43.354273151302614,generic,0.11764705882352941,0.0,0.0909889270714013
56.26860753797762,79.89914707186892,43.14257434093439,generic,0.11764705882352941,0.0,0.09476899579992364
66.61153582712336,74.06486308755883,49.93728232005639,generic,0.4117647058823529,0.0,0.2743413516609393
66.61679235647041,84.31846145175899,60.33029321748094,generic,0.4117647058823529,0.0,0.09095074455899198
66.61950726369386,84.36035467237639,60.322452334205046,generic,0.4117647058823529,0.0,0.09095074455899198
76.88988388619882,77.14603248950071,67.06015236984729,generic,0.7058823529411765,0.0,0.2752195494463536
76.84540554917515,86.68089423978006,77.64664323374707,generic,0.7058823529411765,0.0,0.09095074455899198
76.87873541923004,87.1126013471276,77.46586998994415,generic,0.7058823529411765,0.0,0.09243986254295533
55.53045992648703,61.3162407832266,24.330507345910256,polymer,0.11764705882352941,0.0,0.4297441771668576
26.986597905852694,66.58752259090305,36.21544118062547,polymer,0.11764705882352941,0.42448979591836733,0.19621993127147766
39.92559538146118,59.884561449101376,41.064726744269926,polymer,0.11764705882352941,0.5201814058956916,0.134860633829706
40.88477905493056,61.45289726621019,41.55013899769787,polymer,0.11764705882352941,0.48820861678004535,0.1263077510500191
63.99522323260163,84.29491107171458,63.64194707380854,polymer,0.4117647058823529,0.06099773242630385,0.038831615120274915
63.92604075802748,83.96440989500817,63.40474446600704,polymer,0.4117647058823529,0.06326530612244897,0.04306987399770905
62.534909057126434,85.43643425779996,63.69168880076373,polymer,0.4117647058823529,0.07233560090702948,0.038717067583046966
74.18219054687312,91.20875754968944,81.70466843518581,polymer,0.7058823529411765,0.027210884353741496,0.02313860252004582
74.16178238360783,90.92709354546568,81.44029211858665,polymer,0.7058823529411765,0.027891156462585033,0.027796869033982437
74.17481019393978,91.00358891878531,81.51347199516971,polymer,0.7058823529411765,0.02743764172335601,0.026536846124474992
41.03557379683831,55.56085492233183,40.491458326840025,polymer,0.11764705882352941,0.5671201814058957,0.14024436807941962
30.736138538153448,41.45154094310685,38.07556581741426,polymer,0.11764705882352941,0.9104308390022676,0.18281786941580755
45.843911436670474,63.12822573845644,42.405907499883504,polymer,0.11764705882352941,0.4072562358276644,0.10588010691103475
66.97850501012364,82.62048121908136,63.4295489784269,polymer,0.4117647058823529,0.04580498866213152,0.03738067964872088
66.88911853028708,81.88904999847537,63.04035274964821,polymer,0.4117647058823529,0.04829931972789116,0.04497899961817488
66.67219582425193,81.68837298318454,62.95565479894864,polymer,0.4117647058823529,0.055782312925170066,0.046086292478045056
76.52989086051065,89.33757826340735,81.06231113705478,polymer,0.7058823529411765,0.017687074829931974,0.030087819778541428
76.56806348591623,89.33041357705565,80.9376145457954,polymer,0.7058823529411765,0.01655328798185941,0.032073310423825885
76.5925594520136,89.50593236039897,81.13615313192491,polymer,0.7058823529411765,0.015646258503401362,0.028713249331806034
50.4039983896757,63.993240475586745,40.33048500093029,generic,0.11764705882352941,0.1580498866213152,0.16876670484917908
51.50180499976226,63.659186868291215,38.42447094344091,generic,0.11764705882352941,0.1219954648526077,0.20152730049637266
50.4135603649798,63.64561497326273,40.03444618125042,generic,0.11764705882352941,0.15759637188208617,0.17418862161130202
64.78316622023898,75.38979804498618,60.24468563475374,generic,0.4117647058823529,0.02312925170068027,0.11775486827033219
64.90503756781261,75.79374840472457,60.52589933473499,generic,0.4117647058823529,0.01904761904761905,0.11282932416953036
64.87576061423651,75.89793958376004,60.583731107370795,generic,0.4117647058823529,0.02018140589569161,0.11156930126002292
75.48658895536111,80.06387190490673,78.32435456770017,generic,0.7058823529411765,0.009297052154195011,0.10126002290950745
75.54253005664602,78.91313981550235,77.41241665051164,generic,0.7058823529411765,0.006802721088435374,0.11828942344406262
75.44735916508903,79.9227745432968,77.95976002985606,generic,0.7058823529411765,0.011111111111111112,0.10691103474608629
53.3370905011925,58.032079758751394,37.80030111506391,generic,0.11764705882352941,0.12970521541950114,0.21630393279877816
51.65674634184557,48.40218767241047,35.54451873579021,generic,0.11764705882352941,0.20045351473922904,0.2670866743031691
53.016426934215076,57.00893194009162,39.682283886386564,generic,0.11764705882352941,0.16099773242630386,0.1852233676975945
51.323626659790776,49.18956186306915,36.37777300240384,generic,0.11764705882352941,0.21224489795918366,0.25135547919053075
67.15291793830883,63.89162423118061,56.87185441161583,generic,0.4117647058823529,0.02471655328798186,0.1882397861779305
67.00341399334374,64.98077044758499,57.80062424951774,generic,0.4117647058823529,0.030385487528344673,0.17082856051928216
67.14724905709329,65.55187308631912,57.72354661724948,generic,0.4117647058823529,0.026530612244897958,0.17075219549446355
77.97988862918592,71.67407860411696,76.42005464953101,generic,0.7058823529411765,0.009750566893424037,0.1413134784268805
77.91103932801063,72.28082619770439,77.25470787485445,generic,0.7058823529411765,0.011791383219954649,0.1269950362733868
77.94934487256843,71.5731916949375,76.76816623155858,generic,0.7058823529411765,0.009977324263038548,0.13638793432607865
54.03130534613921,82.62402943559022,46.32045643112352,generic,0.11764705882352941,0.05396825396825397,0.03753340969835815
53.59067065368205,82.49659890954176,46.31990552597873,generic,0.11764705882352941,0.06938775510204082,0.036426116838487975
53.98131395913688,83.10199259672505,46.43291721190273,generic,0.11764705882352941,0.05646258503401361,0.03428789614356625
65.61722938315256,88.89144899518102,64.55659202877223,polymer,0.4117647058823529,0.011564625850340135,0.016991218022145857
65.5552096351383,88.86420741878834,64.49590158460857,polymer,0.4117647058823529,0.013832199546485261,0.017754868270332187
65.61689623701835,89.04282394942187,64.59858387700275,polymer,0.4117647058823529,0.011791383219954649,0.015922107674684993
59.576595595857896,87.3982243813621,54.549486679824284,polymer,0.23529411764705882,0.0072562358276643995,0.011912943871706758
75.97281601126335,92.804001309718,82.0404679567657,polymer,0.7058823529411765,0.009750566893424037,0.010347460862924781
75.96376049503559,92.73606525155112,82.02096999312472,polymer,0.7058823529411765,0.009977324263038548,0.010805651011836578
39.28051014580235,63.45235924339813,42.53149049447829,polymer,0.11764705882352941,0.5482993197278911,0.10026727758686521
28.685336533562328,48.15470059947624,39.18210458185459,polymer,0.11764705882352941,0.9015873015873016,0.15910652920962198
43.38139567911122,69.55085427263737,44.00623294342623,polymer,0.11764705882352941,0.41156462585034015,0.07434135166093929
65.02840180192038,89.54024151319712,64.78281340441617,polymer,0.4117647058823529,0.03333333333333333,0.009736540664375716
64.72141289136783,89.0739698132433,64.67913188879356,polymer,0.4117647058823529,0.04353741496598639,0.011607483772432226
64.68514648803676,88.98347240215905,64.66830200904766,polymer,0.4117647058823529,0.04467120181405896,0.011912943871706758
75.8899622993672,93.59472468629004,82.01467389614764,polymer,0.7058823529411765,0.014285714285714285,0.008094692630775105
75.86764792229341,93.48273300886294,81.95950267229034,polymer,0.7058823529411765,0.014965986394557823,0.009163802978235968
75.81576777291951,93.4535322499217,81.94566120223284,polymer,0.7058823529411765,0.016780045351473923,0.009278350515463918
49.20602278924261,78.32367169501907,45.68293906796631,composite,0.11764705882352941,0.21836734693877552,0.04333715158457427
59.11958821541307,88.0239572319404,54.31509570589449,composite,0.23529411764705882,0.025170068027210883,0.011951126384116075
39.79134562291796,64.60649692448466,42.628775176185755,composite,0.11764705882352941,0.5321995464852608,0.09713631156930126
65.50717421344349,90.55882179642487,64.86377333293709,composite,0.4117647058823529,0.018140589569160998,0.007140129820542192
65.45263691670918,90.47591143337917,64.84460381682078,composite,0.4117647058823529,0.019954648526077097,0.00748377243222604
65.86789172317366,90.99174573578924,64.88277602165488,composite,0.4117647058823529,0.006122448979591836,0.006796487208858343
76.10032276764194,94.37908176547853,82.10446003268456,composite,0.7058823529411765,0.00816326530612245,0.005154639175257732
76.10729878145509,94.42551913548262,82.14079887134191,composite,0.7058823529411765,0.007936507936507936,0.004505536464299351
76.09340451852668,94.35259724915589,82.08745753555675,composite,0.7058823529411765,0.008390022675736962,0.0054600992745322645
55.57405346686548,86.80848980080106,47.51714779001519,generic,0.11764705882352941,0.004988662131519274,0.012714776632302405
55.58027854506453,86.66543231481663,47.37362579964392,generic,0.11764705882352941,0.004761904761904762,0.015273004963726614
55.56667310288766,86.57790566942123,47.29994715403432,generic,0.11764705882352941,0.005215419501133787,0.016571210385643374
65.97107838906845,90.68632981005047,65.02537531754248,generic,0.4117647058823529,0.0015873015873015873,0.005956471935853379
65.97096286104164,90.59135757537024,64.93036013682807,generic,0.4117647058823529,0.0015873015873015873,0.007636502481863307
65.96963428736144,90.63863081929793,65.00354177839677,generic,0.4117647058823529,0.0015873015873015873,0.006414662084765177
76.27015030879255,94.0811435584865,82.20122174719847,generic,0.7058823529411765,0.0013605442176870747,0.0051928216876670485
76.27107453300702,94.11658452949604,82.22022269884089,generic,0.7058823529411765,0.0013605442176870747,0.004810996563573883
76.28439115373921,94.1234084355755,82.21672280179357,generic,0.7058823529411765,0.0009070294784580499,0.004887361588392516
55.965451365903164,71.48684122594429,38.53532772486376,composite,0.11764705882352941,0.0,0.18720885834287895
55.96314083840803,76.00476787987905,43.20109155035825,composite,0.11764705882352941,0.0,0.10511645666284841
55.96198553058649,76.53972397167357,43.77002013374156,composite,0.11764705882352941,0.0,0.0951508209240168
62.75892690634463,75.99464252813792,60.97903565969546,composite,0.4117647058823529,0.1165532879818594,0.0937380679648721
61.60130905756305,74.16654661895907,60.479623754450174,composite,0.4117647058823529,0.15510204081632653,0.10259641084383353
62.22613308343868,73.34145670424333,58.80517147336821,composite,0.4117647058823529,0.13446712018140589,0.13180603283696068
75.09674908334807,80.92238458928324,77.26139252611145,composite,0.7058823529411765,0.04852607709750567,0.10847651775486827
74.9470892194025,80.84277420918018,77.3545743426177,composite,0.7058823529411765,0.053514739229024944,0.10683466972126766
75.12164939613271,81.48537272074527,77.84882674250518,composite,0.7058823529411765,0.047619047619047616,0.09824360442917143
48.112435535548805,59.02405626218061,41.667714272382035,polymer,0.11764705882352941,0.3115646258503401,0.13841160748377243
47.55559288896753,64.11006682391502,42.859003220140806,polymer,0.11764705882352941,0.2675736961451247,0.11886216113020237
45.24035714738815,58.18343817519536,39.5371351810819,polymer,0.11764705882352941,0.34467120181405897,0.17751050019091255
37.23528013261156,47.44729620240106,37.7291776567169,polymer,0.11764705882352941,0.5979591836734693,0.2117983963344788
25.17809910997722,30.119882094024604,33.99889519489687,polymer,0.11764705882352941,1.0,0.277319587628866
63.46240411640104,76.94507193233201,63.22904605329974,polymer,0.4117647058823529,0.08027210884353742,0.06204658266513936
63.57805037490445,77.20615714723807,63.36123421159933,polymer,0.4117647058823529,0.0764172335600907,0.05971744940817106
63.651276360771924,77.41902772851628,63.402562200396794,polymer,0.4117647058823529,0.07414965986394557,0.05872470408552883
75.02195683539601,82.10621468913713,80.5875685744278,polymer,0.7058823529411765,0.038321995464852605,0.05761741122565865
75.1859287669245,82.67162710176208,80.8432593727499,polymer,0.7058823529411765,0.03310657596371882,0.05273004963726613
75.0882511506879,82.29260584939746,80.73126253974571,polymer,0.7058823529411765,0.03605442176870748,0.05517373043146239
49.52361049137897,73.74027847545425,45.37421163091146,polymer,0.11764705882352941,0.22040816326530613,0.05803741886216113
49.53837121936927,73.94305754990445,45.544236586173945,polymer,0.11764705882352941,0.2199546485260771,0.054982817869415807
49.33428958671621,73.59594041088312,45.427217560794,polymer,0.11764705882352941,0.22675736961451248,0.0570446735395189
64.82626377718455,84.83484018015936,64.52687118278835,polymer,0.4117647058823529,0.053514739229024944,0.022260404734631537
64.78486981880904,84.74972600310343,64.49820116691107,polymer,0.4117647058823529,0.05487528344671202,0.02279495990836197
64.86027738262673,84.84821620907496,64.50086695492614,polymer,0.4117647058823529,0.05238095238095238,0.022718594883543337
75.84769494886106,89.35332704400332,81.9872609114103,polymer,0.7058823529411765,0.029251700680272108,0.016418480336006108
75.91687742343521,89.51227474287052,82.04893498114187,polymer,0.7058823529411765,0.026984126984126985,0.015273004963726614
75.93048286561209,89.53838100731114,82.05977007608445,polymer,0.7058823529411765,0.026530612244897958,0.015082092401680031
56.21877011122325,86.17489109450636,47.77975017424046,polymer,0.11764705882352941,0.012244897959183673,0.006223749522718595
56.23981367863888,86.2545654830837,47.825589490687605,polymer,0.11764705882352941,0.011564625850340135,0.005383734249713631
56.205857837207226,86.20395780462944,47.81242054937468,polymer,0.11764705882352941,0.012698412698412698,0.00561282932416953
66.72394540406665,89.9670805748028,65.08627984152534,polymer,0.4117647058823529,0.005215419501133787,0.0030546009927453228
66.73149905732647,89.96736484157078,65.06460791456477,polymer,0.4117647058823529,0.004988662131519274,0.0033982436044291717
66.71149524215211,89.96091916607016,65.07427521778447,polymer,0.4117647058823529,0.005668934240362812,0.0032073310423825887
77.08701448621854,93.48297513378554,82.26278663244045,polymer,0.7058823529411765,0.0029478458049886623,0.0021382206949217258
77.06643303091592,93.45067244919409,82.25678605763707,polymer,0.7058823529411765,0.0036281179138321997,0.0022527682321496754
77.08591696996675,93.42579862853894,82.22478299206357,polymer,0.7058823529411765,0.0029478458049886623,0.0028636884306987398
55.07082863967867,85.46663222333704,47.18168156692592,polymer,0.11764705882352941,0.03219954648526077,0.017563955708285606
55.05641450131993,85.36874468406326,47.112505523750585,polymer,0.11764705882352941,0.0326530612244898,0.01882397861779305
54.970058634396615,85.32539096406848,47.132503957642236,polymer,0.11764705882352941,0.035600907029478455,0.01836578846888125
66.23949357570484,90.29203580397859,64.82677363485766,polymer,0.4117647058823529,0.0029478458049886623,0.00859106529209622
66.21696158055255,90.22306867551623,64.70057561696423,polymer,0.4117647058823529,0.003854875283446712,0.01057655593738068
66.34277027987649,90.17232062840473,64.82875596907006,polymer,0.4117647058823529,0.0031746031746031746,0.008400152730049638
76.69741924857615,93.7169196204506,82.07277747754367,polymer,0.7058823529411765,0.0011337868480725624,0.006376479572355861
76.67920612056399,93.73810570035418,82.07727312373537,polymer,0.7058823529411765,0.0018140589569160999,0.006185567010309278
76.69666831502423,93.7201577158309,82.09011537051438,polymer,0.7058823529411765,0.0011337868480725624,0.0061092019854906456
50.042700244882575,75.89493360765861,31.486659846846894,generic,0.0,0.0,0.18277968690339824
50.040389673313456,75.86986933501322,31.504168069260484,generic,0.0,0.0,0.18258877434135165
50.03865675565512,75.84524695408365,31.511339902029906,generic,0.0,0.0,0.18255059182894234
52.81425055517577,79.91835940032072,46.20952170044718,generic,0.11764705882352941,0.09115646258503401,0.04329896907216495
48.180009802224106,5.908254810167395,60.13259270033408,generic,0.11764705882352941,0.08526077097505669,0.042802596410843836
52.92193880683506,80.06278774778269,46.25186460589258,generic,0.11764705882352941,0.08752834467120181,0.04261168384879725
63.5984704001848,88.5675493420273,64.57927962713184,generic,0.4117647058823529,0.027210884353741496,0.022413134784268804
63.57690695116381,88.45443742853459,64.50893754517432,generic,0.4117647058823529,0.027891156462585033,0.023711340206185566
63.5984704001848,88.53789812363534,64.54894136129259,generic,0.4117647058823529,0.027210884353741496,0.022947689957999236
75.57370916231774,90.6697265410058,82.00777184126339,generic,0.7058823529411765,0.018820861678004536,0.016036655211912942
75.69384757034045,90.75677788641642,81.99710881682626,generic,0.7058823529411765,0.01473922902494331,0.016342115311187476
75.70353849484292,90.73073954529255,81.90858773681812,generic,0.7058823529411765,0.014512471655328799,0.017754868270332187
54.68813086222131,76.59144007130641,45.81957605783592,polymer,0.11764705882352941,0.10408163265306122,0.04738449789996182
54.65078038198254,76.48400227487791,45.692547373196945,polymer,0.11764705882352941,0.1054421768707483,0.04944635357006491
54.88945326295563,77.01649064212273,45.9487543510045,polymer,0.11764705882352941,0.09750566893424037,0.04490263459335624
67.16938782495974,83.81743528579834,64.27595170689756,polymer,0.4117647058823529,0.031292517006802724,0.0237877052310042
67.23061231475565,83.9571518895751,64.34746333351863,polymer,0.4117647058823529,0.029251700680272108,0.022527682321496753
67.17619054604818,83.71506046070708,64.16326671949463,polymer,0.4117647058823529,0.03106575963718821,0.02577319587628866
77.96010411147434,88.11070545497131,81.76501145139677,polymer,0.7058823529411765,0.01473922902494331,0.01741122565864834
77.92493523125165,88.06467698991136,81.77918307829421,polymer,0.7058823529411765,0.015873015873015872,0.017220313096601755
77.93116030946227,88.04022437767307,81.75701415124655,polymer,0.7058823529411765,0.015646258503401362,0.017640320733104238
49.90357785834727,75.9277025423393,46.8174584057961,polymer,0.11764705882352941,0.18571428571428572,0.03634975181366934
46.73915726641138,68.29512879006164,42.720795043339656,polymer,0.11764705882352941,0.291156462585034,0.10859106529209622
48.65893782014602,74.21286420741687,46.27250440799667,polymer,0.11764705882352941,0.2276643990929705,0.04524627720504009
65.09053817162985,80.45312307798679,60.70621172207018,polymer,0.4117647058823529,0.04285714285714286,0.09240168003054601
65.05318768035814,80.46852587322066,60.70487017062927,polymer,0.4117647058823529,0.04421768707482993,0.09224894998090874
64.62973276923644,81.99693525848161,61.47071576187336,polymer,0.4117647058823529,0.0380952380952381,0.07976326842306224
76.0071692729952,86.76942655236465,80.05756624525365,polymer,0.7058823529411765,0.022222222222222223,0.05303550973654066
76.04176051028227,87.05645893054195,80.30077114099416,polymer,0.7058823529411765,0.02108843537414966,0.048720885834287894
76.04176051028227,86.75359291410977,79.99088742563613,polymer,0.7058823529411765,0.02108843537414966,0.05418098510882016
58.53909996940083,75.00803280823938,48.429953268984846,generic,0.23529411764705882,0.04965986394557823,0.13150057273768614
58.63744388888102,76.18563529032241,49.5848162478599,generic,0.23529411764705882,0.04625850340136054,0.11134020618556702
58.52049993236735,75.21238219728782,48.986420165342324,generic,0.23529411764705882,0.04965986394557823,0.12264222985872471
52.00755966132273,57.00446213269388,36.01462262733731,generic,0.11764705882352941,0.12562358276643992,0.2521954944635357
51.66468180735697,56.11083497733075,35.78662344209523,generic,0.11764705882352941,0.1365079365079365,0.2570446735395189
51.75509462363536,55.99843026769016,35.41237552581176,generic,0.11764705882352941,0.13378684807256236,0.26319205803741885
51.23954317207687,57.543787771843824,35.82938525685322,generic,0.11764705882352941,0.127437641723356,0.2563573883161512
64.3742965460854,67.41727679506032,56.46264546680938,generic,0.4117647058823529,0.032426303854875285,0.19507445589919817
64.49134265860003,66.95635228953724,55.71083735120885,generic,0.4117647058823529,0.028798185941043084,0.20790378006872853
64.44376785867676,66.92835469419681,55.85604349928498,generic,0.4117647058823529,0.03015873015873016,0.20568919434898816
75.22318931888864,71.54251106920717,73.64614668472596,generic,0.7058823529411765,0.014058956916099773,0.19389079801450934
75.260739932185,71.70132539832987,73.58377938213086,generic,0.7058823529411765,0.013151927437641724,0.19446353570064911
74.93911122300099,71.90352014946167,73.56224289712154,generic,0.7058823529411765,0.014285714285714285,0.19534173348606337
53.67101272587929,59.00820797015852,40.04648798959246,generic,0.11764705882352941,0.06598639455782312,0.1918671248568156
54.715886467179445,69.7531766297623,39.38733424110046,generic,0.11764705882352941,0.05102040816326531,0.17315769377625048
54.19464807114455,64.5031650518699,36.36557317748961,generic,0.11764705882352941,0.06507936507936508,0.23146239022527682
66.24961467117187,77.1009872081942,58.98905150056514,generic,0.4117647058823529,0.009977324263038548,0.12913325696830852
66.25843513437005,77.97138413925215,59.35754370668814,generic,0.4117647058823529,0.010657596371882086,0.12115311187476135
66.31211940476847,78.04515530303175,59.26418116215964,generic,0.4117647058823529,0.009070294784580499,0.12248949980908744
76.761921816332,82.37734832287684,77.44271967186891,generic,0.7058823529411765,0.003401360544217687,0.10469644902634594
76.64637624762773,79.63855705554705,76.4411104168994,generic,0.7058823529411765,0.004081632653061225,0.12718594883543338
76.72249585065252,82.01846670612579,77.57363403644611,generic,0.7058823529411765,0.003854875283446712,0.1037037037037037
51.70219910348431,78.6186615892387,45.99529614034333,polymer,0.11764705882352941,0.12857142857142856,0.04654448262695685
51.83318372182293,78.9791881654446,46.18098899755198,polymer,0.11764705882352941,0.12426303854875284,0.043184421534937
51.55484980007491,78.28878256932278,45.789257297792766,polymer,0.11764705882352941,0.13356009070294786,0.05005727376861398
64.82740400908793,86.5312131916336,64.44317575209227,polymer,0.4117647058823529,0.03424036281179138,0.02321496754486445
64.83985416550911,86.50772329720724,64.4248421258592,polymer,0.4117647058823529,0.03378684807256236,0.023596792668957617
64.79165747501224,86.48474283574919,64.46768376846707,polymer,0.4117647058823529,0.03537414965986395,0.022871324933180604
75.69410550235581,90.90647173577126,81.90722877475146,polymer,0.7058823529411765,0.015192743764172336,0.017220313096601755
75.69295022757532,90.9077064063606,81.93006847760299,polymer,0.7058823529411765,0.015192743764172336,0.016876670484917908
75.69917530578591,90.91078706834341,81.93607079740605,polymer,0.7058823529411765,0.014965986394557823,0.016800305460099276
48.44731257402221,0.0,0.0,composite,0.11764705882352941,0.28458049886621317,0.9238258877434136
54.87442824491746,26.81857015894569,21.181115958372313,composite,0.11764705882352941,0.0909297052154195,0.5494081710576556
39.31121564538941,9.002191792880758,20.849527168483135,composite,0.11764705882352941,0.610204081632653,0.5544864452080946
66.23264635607016,32.86448807985421,38.55499401393717,composite,0.4117647058823529,0.02040816326530612,0.5492936235204277
66.26505597133306,32.982095634346415,38.546480693288146,composite,0.4117647058823529,0.019501133786848073,0.5491790759831997
65.99470289128321,26.532248940091115,31.517239355265758,composite,0.4117647058823529,0.029931972789115645,0.6708667430316915
76.97540284020974,41.806085901585725,59.152182317336035,composite,0.7058823529411765,0.010884353741496598,0.48274150439098895
77.91159482588287,36.8623695830148,55.3568595957451,composite,0.7058823529411765,0.010430839002267574,0.5490645284459718
77.82086092051486,35.52348000726139,55.56242068112356,composite,0.7058823529411765,0.010657596371882086,0.5497136311569302
57.56577069065825,74.62914783073455,48.82261741515319,composite,0.23529411764705882,0.06235827664399093,0.12783505154639174
57.246189203198526,73.3840098636523,48.157207093252104,composite,0.23529411764705882,0.07256235827664399,0.14024436807941962
57.35604561411458,72.58171091466204,47.42861780108486,composite,0.23529411764705882,0.06848072562358276,0.15372279495990837
33.61423497024536,76.17230185536495,43.179315109672004,polymer,0.11764705882352941,0.3179138321995465,0.06177930507827415
32.61371509275283,74.67223503800535,42.821091408051785,polymer,0.11764705882352941,0.3512471655328798,0.0681176021382207
34.24665697541623,77.01309651171435,43.30566952056672,polymer,0.11764705882352941,0.2968253968253968,0.05956471935853379
52.18703997153058,91.60333980575612,62.86331516269685,polymer,0.4117647058823529,0.04036281179138322,0.01676212294768996
52.22105357697275,91.66119266225968,62.882818333593505,polymer,0.4117647058823529,0.03922902494331066,0.016418480336006108
52.37054014750044,91.85038002541548,62.904989009628046,polymer,0.4117647058823529,0.03424036281179138,0.016036655211912942
63.18206894675187,95.4975402597932,79.7016019010801,polymer,0.7058823529411765,0.017006802721088437,0.021840397098129058
63.17515069763663,94.8737954872896,79.07350004919032,polymer,0.7058823529411765,0.017233560090702947,0.03291332569683085
63.24312014312991,95.02673282853216,79.15167956414597,polymer,0.7058823529411765,0.014965986394557823,0.03153875525009545
19.377915821767953,56.61455037128633,38.70451050876994,composite,0.11764705882352941,0.7777777777777778,0.14100801832760596
31.81991939909836,74.73265980410333,42.72699823760802,composite,0.11764705882352941,0.3630385487528345,0.07014127529591448
33.01737160408088,76.48625553679986,43.120895207368875,composite,0.11764705882352941,0.3231292517006803,0.06319205803741887
67.34942907387418,85.67426555464615,64.0521341661694,composite,0.4117647058823529,0.03650793650793651,0.02058037418862161
67.34885143374014,85.67805976385814,64.06680455400225,composite,0.4117647058823529,0.03650793650793651,0.02035127911416571
67.50589165890818,86.06238227880371,64.26666904603266,composite,0.4117647058823529,0.031292517006802724,0.016800305460099276
78.27539108597558,89.925961178769,81.35499884211335,composite,0.7058823529411765,0.015419501133786848,0.01752577319587629
78.26928153304225,89.4142386203448,80.82641129923815,composite,0.7058823529411765,0.015646258503401362,0.026804123711340205
78.22852296914736,89.58249267516476,81.04511339366711,composite,0.7058823529411765,0.017006802721088437,0.022947689957999236
56.78820287734696,69.6880603768439,31.279645758775573,polymer,0.11764705882352941,0.0,0.29812905689194347
56.711075822824654,85.68885175212013,47.66229887360112,polymer,0.11764705882352941,0.0027210884353741495,0.009240168003054602
56.739446606457754,84.73379460751373,46.64885870522627,polymer,0.11764705882352941,0.0020408163265306124,0.027033218785796106
56.75079925073996,85.69303885919415,47.65652775010034,polymer,0.11764705882352941,0.0015873015873015873,0.009392898052691867
66.50181401196875,86.43722142092273,62.28296491704065,polymer,0.4117647058823529,0.01292517006802721,0.05376097747231768
66.8808158516909,87.64619279360359,62.992735750540014,polymer,0.4117647058823529,0.00045351473922902497,0.041008018327605956
66.8812202011624,87.7265602799113,63.06741361942807,polymer,0.4117647058823529,0.00045351473922902497,0.03967163039327988
66.87360878388631,87.8524613177687,63.21927351309822,polymer,0.4117647058823529,0.0006802721088435374,0.037037037037037035
76.90477519644253,91.74329774326183,81.26076670665148,polymer,0.7058823529411765,0.009297052154195011,0.02115311187476136
77.179887771415,92.5447469033463,81.70716566204352,polymer,0.7058823529411765,0.00022675736961451248,0.013134784268804888
77.18063870496692,92.16663268972474,81.30626540810519,polymer,0.7058823529411765,0.00022675736961451248,0.02016036655211913
77.17493349874972,92.16310229760363,81.29009357775631,polymer,0.7058823529411765,0.00045351473922902497,0.02038946162657503
56.45610773116096,84.9859965795701,47.4935120035219,polymer,0.11764705882352941,0.005668934240362812,0.014012982054219168
56.536629423104046,85.00286257243506,47.55537373349511,polymer,0.11764705882352941,0.0027210884353741495,0.01332569683085147
66.86506293780329,88.71160183028759,64.86138725702897,polymer,0.4117647058823529,0.0018140589569160999,0.00981290568919435
66.8235708918107,88.19355006885742,64.74891778686893,polymer,0.4117647058823529,0.002494331065759637,0.012867506681939672
77.17953098273057,92.20463036233599,82.08840453530327,polymer,0.7058823529411765,0.0011337868480725624,0.008056510118365789
77.1834011757097,92.37448367614199,82.18991207577818,polymer,0.7058823529411765,0.0011337868480725624,0.006071019473081329
39.5686026399762,90.22761325937286,45.368679789314704,polymer,0.11764705882352941,0.03582766439909297,0.027605956471935852
39.5323362393947,90.08840317478706,45.3080084648919,polymer,0.11764705882352941,0.03696145124716553,0.028789614356624665
54.614659164030385,84.53049837036598,46.81862575583047,polymer,0.11764705882352941,0.03424036281179138,0.02688048873615884
51.479445763356814,91.62288500435909,60.737061166523745,polymer,0.4117647058823529,0.010657596371882086,0.0579610538373425
51.49819220957461,92.55643730200974,61.58035302847387,polymer,0.4117647058823529,0.01020408163265306,0.04284077892325315
51.513517134195844,93.85675789125924,62.981926007242315,polymer,0.4117647058823529,0.009523809523809525,0.01840397098129057
61.92247234078041,96.29677102937673,79.03442073488603,polymer,0.7058823529411765,0.005668934240362812,0.03738067964872088
61.91359011525562,96.45177518108801,79.23979226774242,polymer,0.7058823529411765,0.0058956916099773245,0.033867888507063765
76.95314617493202,90.02701698074792,79.82841508573544,polymer,0.7058823529411765,0.004761904761904762,0.047957235586101564
51.344896166713816,59.130640940692615,38.56336887097662,generic,0.11764705882352941,0.15691609977324264,0.20435280641466208
50.92215892116915,58.9288648020322,38.74805201946034,generic,0.11764705882352941,0.1712018140589569,0.20080183276059566
51.36800179402593,59.7434507566027,38.75884714912336,generic,0.11764705882352941,0.15691609977324264,0.19973272241313478
51.66282395830789,58.30369442125125,37.97335582477173,generic,0.11764705882352941,0.14512471655328799,0.21657121038564336
65.48677203875535,69.3274788906103,58.58489351703961,generic,0.4117647058823529,0.027891156462585033,0.15452462772050402
65.65633812415264,69.64875272915957,58.976733568935956,generic,0.4117647058823529,0.028117913832199547,0.14704085528827796
65.64689165734532,69.37124914670906,58.631001169638665,generic,0.4117647058823529,0.02857142857142857,0.15292096219931273
77.36075570464095,72.12191501601141,76.28735332973154,generic,0.7058823529411765,0.01292517006802721,0.14402443680794197
77.46263663249519,72.79898283421306,76.74491244087436,generic,0.7058823529411765,0.009750566893424037,0.13562428407789232
76.83761106499728,72.8660997227664,76.42257899374916,generic,0.7058823529411765,0.012244897959183673,0.14234440626193204
56.63553019156243,85.37474489542225,47.54786048301352,polymer,0.11764705882352941,0.0058956916099773245,0.011416571210385643
56.59043932530188,85.35542519291387,47.65555455328876,polymer,0.11764705882352941,0.0072562358276643995,0.009736540664375716
56.60313397848981,85.39056243103599,47.57352758194458,polymer,0.11764705882352941,0.007029478458049887,0.010882016036655211
67.1004365670619,88.90896176072266,64.75944280376342,polymer,0.4117647058823529,0.0018140589569160999,0.009889270714012983
67.11968944730955,89.1071425415956,64.95997808746297,polymer,0.4117647058823529,0.0011337868480725624,0.006414662084765177
67.12436833650523,89.15604421122181,64.92262784811545,polymer,0.4117647058823529,0.0011337868480725624,0.006834669721267659
77.42383116497037,92.5126253703493,82.17116761260442,polymer,0.7058823529411765,0.0006802721088435374,0.005116456662848415
77.43340655869066,92.5779938390632,82.17832903082908,polymer,0.7058823529411765,0.00045351473922902497,0.0048491790759832
77.4177216120428,92.54733240809469,82.20167096875011,polymer,0.7058823529411765,0.0009070294784580499,0.0045437189767086675
41.01617371980695,90.15732172250756,45.849370774859636,generic,0.11764705882352941,0.027664399092970523,0.016342115311187476
40.92669859066066,89.84133317415514,45.648673890919774,generic,0.11764705882352941,0.030612244897959183,0.01993127147766323
40.92548554500728,90.15089624226053,45.988065213295805,generic,0.11764705882352941,0.030612244897959183,0.014012982054219168
51.43240081159253,94.68713615215451,63.05175051019235,generic,0.4117647058823529,0.010657596371882086,0.01531118747613593
66.45251725686141,89.00613101091335,64.5261975288493,generic,0.4117647058823529,0.009977324263038548,0.014089347079037801
51.43303621711765,94.30935719154118,62.653350930022874,generic,0.4117647058823529,0.010657596371882086,0.022298587247040855
61.88909059661296,98.0791303113103,80.0205606071409,generic,0.7058823529411765,0.005215419501133787,0.018136693394425352
61.875311861023974,97.61828937810196,79.5681541246734,generic,0.7058823529411765,0.005668934240362812,0.02611683848797251
61.87099299663339,98.10633497080735,80.02905663651259,generic,0.7058823529411765,0.0058956916099773245,0.017869415807560136
85.83609600547386,96.2216947333766,98.5558041244365,generic,1.0,0.002494331065759637,0.022756777395952655
51.628095335284975,82.53185896326535,44.79651689309802,generic,0.11764705882352941,0.07936507936507936,0.06525391370752195
57.11799928088287,86.21948139937125,52.35265387867707,polymer,0.23529411764705882,0.03378684807256236,0.05257731958762887
63.62607027381798,89.85912273965293,63.925502585361755,polymer,0.4117647058823529,0.022675736961451247,0.02982054219167621
74.25352125421016,93.64638481599071,81.08734246259482,polymer,0.7058823529411765,0.011564625850340135,0.029209621993127148
54.54102474957079,88.84970972049224,47.83033111148303,polymer,0.11764705882352941,0.0013605442176870747,0.0077128675066819394
54.47922261688548,88.78367944104846,47.845001507273544,polymer,0.11764705882352941,0.003401360544217687,0.00748377243222604
54.45258937542113,88.69802152708047,47.77832265575861,polymer,0.11764705882352941,0.004308390022675737,0.008629247804505536
64.86293092111161,92.31794246356978,65.0121729047162,polymer,0.4117647058823529,0.00045351473922902497,0.00672012218403971
64.86973364220006,92.28334185194586,64.96883252494585,polymer,0.4117647058823529,0.00022675736961451248,0.00748377243222604
64.86350856124567,92.33320975189548,65.01700568778001,polymer,0.4117647058823529,0.00045351473922902497,0.00660557464681176
75.16385128925887,95.83235086986542,82.27586267440958,polymer,0.7058823529411765,0.00022675736961451248,0.004314623902252768
75.1428654858653,95.73238838529458,82.20818634066205,polymer,0.7058823529411765,0.0009070294784580499,0.005536464299350897
75.1632736491306,95.80861180494544,82.262361815375,polymer,0.7058823529411765,0.00022675736961451248,0.004581901489117984
55.16964478728929,85.16515773724608,47.30161074404696,generic,0.11764705882352941,0.032426303854875285,0.01607483772432226
55.19697119966985,85.18738379472711,47.29044199432403,generic,0.11764705882352941,0.03151927437641723,0.016265750286368844
55.16393958382745,85.1235043925668,47.24643256394708,generic,0.11764705882352941,0.0326530612244898,0.016991218022145857
66.26677234422819,88.75727068919147,63.7106608913347,generic,0.4117647058823529,0.005668934240362812,0.028713249331806034
66.26164478089461,88.91514577561311,63.84884614631634,generic,0.4117647058823529,0.0058956916099773245,0.02619320351279114
66.27858710061763,88.09706458230617,63.052724733905826,generic,0.4117647058823529,0.005215419501133787,0.04039709812905689
76.64333134053012,92.75708270652763,81.36857955248105,generic,0.7058823529411765,0.0029478458049886623,0.019320351279114165
76.64154065474268,92.63837937299071,81.28056938903232,generic,0.7058823529411765,0.0029478458049886623,0.020962199312714775
76.62857061809093,92.85928767833884,81.51060531553297,generic,0.7058823529411765,0.003401360544217687,0.016876670484917908
60.59801368759592,86.08047742112976,54.165826997964764,generic,0.23529411764705882,0.008616780045351474,0.01664757541046201
60.02655766138933,85.77174580720596,53.711712861793046,generic,0.23529411764705882,0.014512471655328799,0.025391370752195493
59.000655467245664,87.22081698480675,54.24561631378137,generic,0.23529411764705882,0.017006802721088437,0.017258495609011073
54.289106269184906,85.85438510310905,47.307798355348545,polymer,0.11764705882352941,0.024263038548752835,0.01951126384116075
54.34410568077023,86.19010779696333,47.5770074470872,polymer,0.11764705882352941,0.022448979591836733,0.014738449789996182
54.35148604473651,86.13053357675783,47.49732648167453,polymer,0.11764705882352941,0.022222222222222223,0.016113020236731578
65.08271075911352,90.31294541142532,64.91203680476026,polymer,0.4117647058823529,0.007709750566893424,0.010958381061473845
65.0963162012904,90.35387728506191,64.9380410326225,polymer,0.4117647058823529,0.0072562358276643995,0.010500190912562046
65.08951348020197,90.39271378502755,64.98571545036987,polymer,0.4117647058823529,0.007482993197278911,0.009660175639557083
75.48480548475814,93.91129623453064,82.15872581044745,polymer,0.7058823529411765,0.004081632653061225,0.008896525391370752
75.51172755316054,94.0310622008228,82.25490877100663,polymer,0.7058823529411765,0.0031746031746031746,0.007216494845360825
75.47598101908486,93.82362808795345,82.11472334425407,polymer,0.7058823529411765,0.004308390022675737,0.009774723176785032
37.47659745660377,85.26405030495036,44.93923332353854,polymer,0.11764705882352941,0.1346938775510204,0.03459335624284078
35.99809974315297,83.29069692425534,44.685864451641486,polymer,0.11764705882352941,0.1839002267573696,0.03917525773195876
36.229334496553605,83.67430964366463,44.80955136020103,polymer,0.11764705882352941,0.1761904761904762,0.03699885452462772
50.839710868955855,92.7550224035871,62.800533752390855,polymer,0.4117647058823529,0.03219954648526077,0.021954944635357007
50.93149655860366,93.02830084033562,62.914377838248726,polymer,0.4117647058823529,0.029251700680272108,0.019778541428025966
65.91183643236744,87.28502116919913,64.35331667101369,polymer,0.4117647058823529,0.029931972789115645,0.019129438717067584
61.6783484597424,97.27860581915238,80.34491938067713,polymer,0.7058823529411765,0.014285714285714285,0.014242077128675068
61.6244908932112,96.93106370160754,80.16140398866561,polymer,0.7058823529411765,0.015873015873015872,0.017793050782741505
61.628072264751424,97.20659336322196,80.37643065745647,polymer,0.7058823529411765,0.015873015873015872,0.013822069492172585
37.673363673934126,82.80552180013615,44.686618247342075,polymer,0.11764705882352941,0.09342403628117914,0.05257731958762887
37.69012868126676,83.16566858285951,44.6228866784978,polymer,0.11764705882352941,0.09365079365079365,0.05250095456281023
37.71492690401701,83.52354654255547,44.88325220537991,polymer,0.11764705882352941,0.09297052154195011,0.04768995799923635
55.234681378691754,77.07327318684659,47.850745526849316,polymer,0.11764705882352941,0.07868480725623583,0.018556701030927835
49.721366308181665,88.28782330279607,61.47000306928579,polymer,0.4117647058823529,0.03582766439909297,0.05731195112638412
49.80564266236793,88.62948774514349,61.79406540748879,polymer,0.4117647058823529,0.032879818594104306,0.051813669339442536
64.78569370365985,82.34591127945764,62.685582608935874,polymer,0.4117647058823529,0.033560090702947847,0.060824742268041236
67.10604831766953,82.53412484526943,65.29063291698317,polymer,0.4117647058823529,0.026077097505668934,0.01309660175639557
60.57446234823976,93.56463495908021,79.87237534583717,polymer,0.7058823529411765,0.017233560090702947,0.03478426880488736
60.570187819548536,92.72774383595853,79.09592563691648,polymer,0.7058823529411765,0.017233560090702947,0.04868270332187858
75.57883609247952,87.2696425429363,80.77440088014446,polymer,0.7058823529411765,0.017006802721088437,0.043757159221076744
77.79218217676696,86.57437638496393,82.68735017729622,polymer,0.7058823529411765,0.01292517006802721,0.00847651775486827
58.14919711238238,84.73025755345319,47.98022360572187,generic,0.11764705882352941,0.003854875283446712,0.0008018327605956472
43.20344558870596,90.55513027624625,46.57428852863273,generic,0.11764705882352941,0.0020408163265306124,0.0008400152730049637
43.189897910886764,90.54685891606621,46.58062275721381,generic,0.11764705882352941,0.002494331065759637,0.0007254677357770141
43.176292468709896,90.529224428309,46.57845573822529,generic,0.11764705882352941,0.0029478458049886623,0.0007636502481863307
53.53157684120696,94.00102839368442,63.736128405865784,generic,0.4117647058823529,0.0009070294784580499,0.0002290950744558992
53.55227382488241,94.0245240539234,63.730960229946916,generic,0.4117647058823529,0.00022675736961451248,0.00030546009927453225
53.524947412502435,93.99170827559698,63.731293884725595,generic,0.4117647058823529,0.0011337868480725624,0.00030546009927453225
63.84639147194123,97.41468725902887,80.87546395527184,generic,0.7058823529411765,0.00022675736961451248,0.0
47.362082266444006,91.98541097231102,53.45716035966405,generic,0.23529411764705882,0.0006802721088435374,0.0002672775868652157
63.84621817990159,97.40777733395211,80.87163039946365,generic,0.7058823529411765,0.00022675736961451248,7.636502481863306e-05
51.946840590199514,50.47973293633579,33.11975587125221,generic,0.11764705882352941,0.12063492063492064,0.31397479954180985
51.39000746649604,40.81690722298201,24.818363260566652,generic,0.11764705882352941,0.13741496598639455,0.46296296296296297
51.90953876429526,39.34724119519855,21.912364410432534,generic,0.11764705882352941,0.10204081632653061,0.5159602901870943
64.7541165976925,53.01131190228872,46.959868337111736,generic,0.4117647058823529,0.0163265306122449,0.37747231767850326
64.84940042895187,56.19122405131415,48.6721242639939,generic,0.4117647058823529,0.015873015873015872,0.34314623902252767
64.99392475210362,55.50770105440894,46.82202681041562,generic,0.4117647058823529,0.01292517006802721,0.3728904161893853
75.46944967655224,63.45037121769201,68.57163345182411,generic,0.7058823529411765,0.006575963718820862,0.2919053073692249
75.52838930966655,61.71456650415601,67.63379729201223,generic,0.7058823529411765,0.005215419501133787,0.3105765559373807
75.4921981837984,59.13516493843389,65.43232480802881,generic,0.7058823529411765,0.005668934240362812,0.35051546391752575
40.25490079346527,57.533861732560545,39.72917845173508,generic,0.11764705882352941,0.5251700680272109,0.15868652157311952
39.92248116221624,78.77179330453149,37.14139801591088,generic,0.11764705882352941,0.03605442176870748,0.17983963344788087
40.2611422199621,78.21098049774504,35.960011211291125,generic,0.11764705882352941,0.025170068027210883,0.20003818251240932
40.3237973707057,80.9589953923433,38.79265086356106,generic,0.11764705882352941,0.02290249433106576,0.15040091638029782
66.06898471082194,84.19728917320185,62.269561038827376,generic,0.4117647058823529,0.0027210884353741495,0.06361206567392134
66.04461769421174,84.81565910561596,62.761785425974885,generic,0.4117647058823529,0.003854875283446712,0.054448262695685375
66.01786893297508,84.62020347514519,62.584922236986245,generic,0.4117647058823529,0.004761904761904762,0.05754104620084002
76.55837290755552,88.71401352802533,80.39052155846078,generic,0.7058823529411765,0.0018140589569160999,0.045055364642993506
76.53021091751488,87.93380187999004,79.87997226632508,generic,0.7058823529411765,0.0022675736961451248,0.05479190530736922
76.54007514918305,88.22177560212481,80.10950245177473,generic,0.7058823529411765,0.0020408163265306124,0.05059182894234441
53.28395040246835,78.9094219293312,46.039292686869985,generic,0.11764705882352941,0.13356009070294786,0.0376479572355861
52.89020127552099,78.37237762734624,45.935107210963906,generic,0.11764705882352941,0.14671201814058957,0.03944253531882398
52.9236372408349,78.32177365209564,45.8544287632853,generic,0.11764705882352941,0.145578231292517,0.04089347079037801
67.17007807488359,87.70963409847631,64.52468068789562,generic,0.4117647058823529,0.013832199546485261,0.013707521954944636
67.15070966660913,87.85489552629004,64.67770315410476,generic,0.4117647058823529,0.014512471655328799,0.010958381061473845
67.17181099802951,87.9566407020235,64.74504583307194,generic,0.4117647058823529,0.013832199546485261,0.009736540664375716
77.75983198821277,91.88394508688043,82.0719093340452,generic,0.7058823529411765,0.004081632653061225,0.006147384497899962
77.79303689746729,91.93990882609988,82.10458318334688,generic,0.7058823529411765,0.0029478458049886623,0.00561282932416953
77.79280584141367,91.92998961126207,82.09874943594203,generic,0.7058823529411765,0.0029478458049886623,0.0057273768613974796
